symbol,date,open,high,low,close,volume
BOAB,2025-09-29,5285,5285,5005,5005,25308
BOAB,2025-09-30,5000,5000,4965,4965,4047
BOAB,2025-10-01,5000,5000,4970,4970,998
BOAB,2025-10-02,4975,5100,4975,5100,6156
BOAB,2025-10-03,5100,5100,5100,5100,2046
BOAB,2025-10-06,5100,5100,5100,5100,3540
BOAB,2025-10-07,5100,5100,5100,5100,1244
BOAB,2025-10-08,5100,5100,5075,5075,820
BOAB,2025-10-09,5075,5095,5075,5095,4864
BOAB,2025-10-10,5050,5050,5050,5050,2028
BOAB,2025-10-13,5050,5050,5050,5050,4418
BOAB,2025-10-14,5050,5150,5050,5150,7679
BOAB,2025-10-15,5150,5150,5050,5050,3731
BOAB,2025-10-16,5100,5100,5095,5095,6150
BOAB,2025-10-17,5095,5095,5095,5095,986
BOAB,2025-10-20,5095,5095,5090,5090,4112
BOAB,2025-10-21,5095,5095,5050,5050,1759
BOAB,2025-10-22,5050,5100,5050,5100,4315
BOAB,2025-10-23,5100,5100,5045,5045,2060
BOAB,2025-10-24,5040,5040,5000,5000,2538
BOAB,2025-10-27,5000,5000,5000,5000,2742
BOAB,2025-10-28,5000,5000,4950,4950,1402
BOAB,2025-10-29,4950,5000,4950,5000,3955
BOAB,2025-10-30,5000,5000,5000,5000,5707
BOAB,2025-10-31,4900,5000,4900,5000,1282
BOAB,2025-11-03,5000,5000,4975,4975,1624
BOAB,2025-11-04,4975,4975,4940,4940,4300
BOAB,2025-11-05,4915,4915,4895,4895,1641
BOAB,2025-11-06,4900,4945,4900,4945,2272
BOAB,2025-11-07,5200,5200,5200,5200,0
BOAB,2025-11-10,5100,5100,5100,5100,3367
BOAB,2025-11-11,5000,5060,5000,5060,890
BOAB,2025-11-12,5050,5050,5000,5000,6340
BOAB,2025-11-13,5100,5100,5100,5100,1207
BOAB,2025-11-14,5025,5100,5025,5100,8452
BOAB,2025-11-17,5100,5100,5100,5100,2017
BOAB,2025-11-18,5100,5100,5015,5015,2812
BOAB,2025-11-19,5010,5030,5010,5030,3065
BOAB,2025-11-20,5030,5035,5030,5035,6249
BOAB,2025-11-21,5100,5150,5100,5150,9599
BOAB,2025-11-24,5150,5150,5090,5090,4717
BOAB,2025-11-25,5100,5190,5100,5190,3628
BOAB,2025-11-26,5190,5190,5150,5150,4172
BOAB,2025-11-27,5170,5170,5170,5170,174
BOABF,2025-09-29,4000,4000,3960,3960,1997
BOABF,2025-09-30,3900,3980,3900,3980,1185
BOABF,2025-10-01,3945,3945,3920,3920,1226
BOABF,2025-10-02,3900,3900,3895,3895,2925
BOABF,2025-10-03,3800,3875,3800,3875,1317
BOABF,2025-10-06,3875,3950,3875,3950,10827
BOABF,2025-10-07,3950,3950,3900,3900,1981
BOABF,2025-10-08,4155,4155,3890,3890,3199
BOABF,2025-10-09,3950,3950,3890,3890,1668
BOABF,2025-10-10,3890,3890,3890,3890,3071
BOABF,2025-10-13,3885,3885,3885,3885,1640
BOABF,2025-10-14,3880,3885,3880,3885,7058
BOABF,2025-10-15,3885,3885,3805,3805,1209
BOABF,2025-10-16,3805,3810,3805,3810,2260
BOABF,2025-10-17,3805,3850,3805,3850,1484
BOABF,2025-10-20,3850,3850,3805,3805,1725
BOABF,2025-10-21,3850,3850,3800,3800,11968
BOABF,2025-10-22,3800,3800,3800,3800,1426
BOABF,2025-10-23,3800,3800,3750,3750,3183
BOABF,2025-10-24,3750,3780,3750,3780,5906
BOABF,2025-10-27,3780,3780,3655,3655,16356
BOABF,2025-10-28,3665,3720,3665,3720,4079
BOABF,2025-10-29,3720,3720,3700,3700,1197
BOABF,2025-10-30,3670,3675,3670,3675,3498
BOABF,2025-10-31,3670,3670,3500,3500,8833
BOABF,2025-11-03,3500,3500,3495,3495,12440
BOABF,2025-11-04,3495,3495,3450,3450,2171
BOABF,2025-11-05,3495,3495,3450,3450,3721
BOABF,2025-11-06,3450,3450,3450,3450,12129
BOABF,2025-11-07,3460,3460,3460,3460,0
BOABF,2025-11-10,3460,3490,3460,3490,2502
BOABF,2025-11-11,3500,3545,3500,3545,5567
BOABF,2025-11-12,3550,3550,3550,3550,4188
BOABF,2025-11-13,3550,3575,3550,3575,5813
BOABF,2025-11-14,3540,3540,3510,3510,5841
BOABF,2025-11-17,3540,3595,3540,3595,5923
BOABF,2025-11-18,3595,3600,3595,3600,3054
BOABF,2025-11-19,3610,3680,3610,3680,1873
BOABF,2025-11-20,3680,3780,3680,3780,2040
BOABF,2025-11-21,3750,3785,3750,3785,2844
BOABF,2025-11-24,3785,3785,3770,3770,1687
BOABF,2025-11-25,3785,3820,3785,3820,2220
BOABF,2025-11-26,3800,3820,3800,3820,3711
BOABF,2025-11-27,3820,3820,3800,3800,299
BOAC,2025-09-29,7500,7500,7400,7400,6276
BOAC,2025-09-30,7395,7395,7375,7375,2784
BOAC,2025-10-01,7370,7370,7305,7305,10659
BOAC,2025-10-02,7300,7400,7300,7400,1637
BOAC,2025-10-03,7400,7480,7400,7480,6116
BOAC,2025-10-06,7410,7410,7400,7400,2909
BOAC,2025-10-07,7400,7400,7390,7390,4330
BOAC,2025-10-08,7390,7390,7350,7350,1432
BOAC,2025-10-09,7350,7350,7350,7350,5800
BOAC,2025-10-10,7300,7310,7300,7310,3681
BOAC,2025-10-13,7310,7330,7310,7330,2916
BOAC,2025-10-14,7310,7350,7310,7350,9329
BOAC,2025-10-15,7350,7350,7300,7300,5443
BOAC,2025-10-16,7300,7300,7270,7270,5419
BOAC,2025-10-17,7250,7290,7250,7290,14000
BOAC,2025-10-20,7290,7290,7285,7285,9220
BOAC,2025-10-21,7285,7285,7285,7285,9912
BOAC,2025-10-22,7290,7290,7290,7290,10072
BOAC,2025-10-23,7290,7290,7290,7290,3217
BOAC,2025-10-24,7290,7290,7200,7200,12281
BOAC,2025-10-27,7200,7200,7195,7195,13670
BOAC,2025-10-28,7195,7195,7150,7150,3066
BOAC,2025-10-29,7150,7150,7145,7145,4169
BOAC,2025-10-30,7060,7110,7060,7110,5017
BOAC,2025-10-31,7110,7150,7110,7150,5180
BOAC,2025-11-03,7095,7095,6960,6960,9141
BOAC,2025-11-04,6950,6950,6900,6900,7056
BOAC,2025-11-05,6800,6900,6800,6900,8748
BOAC,2025-11-06,6900,7200,6900,7200,16213
BOAC,2025-11-07,7060,7060,7060,7060,0
BOAC,2025-11-10,7190,7190,7050,7050,7783
BOAC,2025-11-11,7045,7185,7045,7185,3219
BOAC,2025-11-12,7185,7185,7180,7180,6166
BOAC,2025-11-13,7180,7250,7180,7250,1642
BOAC,2025-11-14,7200,7250,7200,7250,1994
BOAC,2025-11-17,7250,7250,7250,7250,1560
BOAC,2025-11-18,7140,7140,7105,7105,10599
BOAC,2025-11-19,7200,7250,7200,7250,220662
BOAC,2025-11-20,7295,7295,7295,7295,5372
BOAC,2025-11-21,7300,7300,7300,7300,2582
BOAC,2025-11-24,7300,7300,7295,7295,1762
BOAC,2025-11-25,7295,7295,7295,7295,5960
BOAC,2025-11-26,7290,7290,7290,7290,5343
BOAC,2025-11-27,7250,7290,7250,7290,1449
CBIBF,2025-09-29,9805,9805,9800,9800,372
CBIBF,2025-09-30,9800,9890,9800,9890,470
CBIBF,2025-10-01,9890,9890,9870,9870,452
CBIBF,2025-10-02,9900,9900,9800,9800,1259
CBIBF,2025-10-03,9870,9870,9845,9845,472
CBIBF,2025-10-06,9845,9850,9845,9850,1027
CBIBF,2025-10-07,9850,9870,9850,9870,3627
CBIBF,2025-10-08,9870,9870,9860,9860,1229
CBIBF,2025-10-09,9870,9890,9870,9890,295
CBIBF,2025-10-10,9870,9990,9870,9990,188
CBIBF,2025-10-13,9990,9990,9985,9985,449
CBIBF,2025-10-14,9985,9985,9985,9985,1154
CBIBF,2025-10-15,9880,9975,9880,9975,250
CBIBF,2025-10-16,9980,9980,9980,9980,296
CBIBF,2025-10-17,9980,9985,9980,9985,225
CBIBF,2025-10-20,9985,9995,9985,9995,1769
CBIBF,2025-10-21,9995,9995,9980,9980,158
CBIBF,2025-10-22,9995,9995,9980,9980,473
CBIBF,2025-10-23,9980,9980,9980,9980,120
CBIBF,2025-10-24,9975,9985,9975,9985,396
CBIBF,2025-10-27,9980,10000,9980,10000,1079
CBIBF,2025-10-28,10000,10000,10000,10000,7376
CBIBF,2025-10-29,9990,9995,9990,9995,1157
CBIBF,2025-10-30,10000,10000,9995,9995,702
CBIBF,2025-10-31,9900,9995,9900,9995,1435
CBIBF,2025-11-03,9995,9995,9995,9995,215
CBIBF,2025-11-04,9925,9925,9925,9925,1294
CBIBF,2025-11-05,9925,10000,9925,10000,1030
CBIBF,2025-11-06,10000,10000,10000,10000,362
CBIBF,2025-11-07,9990,9990,9990,9990,0
CBIBF,2025-11-10,9990,9990,9985,9985,616
CBIBF,2025-11-11,9990,9990,9985,9985,931
CBIBF,2025-11-12,10005,10005,9985,9985,277
CBIBF,2025-11-13,10000,10000,10000,10000,139
CBIBF,2025-11-14,10000,10020,10000,10020,427
CBIBF,2025-11-17,10020,10200,10020,10200,378
CBIBF,2025-11-18,10295,10500,10295,10500,2624
CBIBF,2025-11-19,10600,11100,10600,11100,5236
CBIBF,2025-11-20,11100,11100,10800,10800,296
CBIBF,2025-11-21,10800,11000,10800,11000,487
CBIBF,2025-11-24,11000,11000,11000,11000,412
CBIBF,2025-11-25,10800,10810,10800,10810,242
CBIBF,2025-11-26,10800,10950,10800,10950,583
CBIBF,2025-11-27,10750,10850,10750,10850,165
CIEC,2025-09-29,2295,2295,2295,2295,4911
CIEC,2025-09-30,2300,2305,2300,2305,2632
CIEC,2025-10-01,2305,2305,2305,2305,1386
CIEC,2025-10-02,2280,2350,2280,2350,4079
CIEC,2025-10-03,2350,2350,2350,2350,1392
CIEC,2025-10-06,2350,2350,2350,2350,2113
CIEC,2025-10-07,2350,2360,2350,2360,2151
CIEC,2025-10-08,2380,2400,2380,2400,4332
CIEC,2025-10-09,2420,2445,2420,2445,2038
CIEC,2025-10-10,2490,2495,2490,2495,4241
CIEC,2025-10-13,2495,2540,2495,2540,1650
CIEC,2025-10-14,2540,2540,2380,2380,40119
CIEC,2025-10-15,2375,2450,2375,2450,7432
CIEC,2025-10-16,2495,2495,2365,2365,5010
CIEC,2025-10-17,2365,2365,2315,2315,3532
CIEC,2025-10-20,2300,2420,2300,2420,4250
CIEC,2025-10-21,2485,2490,2485,2490,2288
CIEC,2025-10-22,2495,2495,2490,2490,3163
CIEC,2025-10-23,2495,2500,2495,2500,2599
CIEC,2025-10-24,2490,2500,2490,2500,3129
CIEC,2025-10-27,2500,2540,2500,2540,1381
CIEC,2025-10-28,2535,2535,2505,2505,4111
CIEC,2025-10-29,2520,2520,2500,2500,11512
CIEC,2025-10-30,2500,2530,2500,2530,949
CIEC,2025-10-31,2545,2590,2545,2590,4395
CIEC,2025-11-03,2560,2580,2560,2580,6790
CIEC,2025-11-04,2575,2580,2575,2580,4271
CIEC,2025-11-05,2580,2620,2580,2620,2850
CIEC,2025-11-06,2620,2620,2620,2620,1871
CIEC,2025-11-07,2615,2615,2615,2615,0
CIEC,2025-11-10,2620,2620,2615,2615,3446
CIEC,2025-11-11,2615,2615,2610,2610,2190
CIEC,2025-11-12,2600,2600,2600,2600,2371
CIEC,2025-11-13,2615,2615,2600,2600,4647
CIEC,2025-11-14,2505,2515,2505,2515,2934
CIEC,2025-11-17,2510,2610,2510,2610,1689
CIEC,2025-11-18,2610,2610,2600,2600,1576
CIEC,2025-11-19,2600,2640,2600,2640,996
CIEC,2025-11-20,2640,2640,2640,2640,1323
CIEC,2025-11-21,2515,2630,2515,2630,3473
CIEC,2025-11-24,2625,2625,2620,2620,891
CIEC,2025-11-25,2620,2620,2500,2500,18195
CIEC,2025-11-26,2500,2500,2500,2500,1600
CIEC,2025-11-27,2500,2500,2500,2500,1743
ECOC,2025-09-29,12505,12510,12505,12510,1780
ECOC,2025-09-30,12515,12515,12505,12505,1675
ECOC,2025-10-01,12300,12700,12300,12700,2085
ECOC,2025-10-02,12750,13000,12750,13000,982
ECOC,2025-10-03,13200,13200,12710,12710,724
ECOC,2025-10-06,12710,12710,12505,12505,6164
ECOC,2025-10-07,12505,13000,12505,13000,963
ECOC,2025-10-08,13100,13100,13080,13080,340
ECOC,2025-10-09,13100,13150,13100,13150,1186
ECOC,2025-10-10,13200,13200,13200,13200,750
ECOC,2025-10-13,13200,13250,13200,13250,569
ECOC,2025-10-14,13600,13600,13500,13500,963
ECOC,2025-10-15,13500,14300,13500,14300,8838
ECOC,2025-10-16,14300,14300,13750,13750,2487
ECOC,2025-10-17,13750,13810,13750,13810,846
ECOC,2025-10-20,13750,14000,13750,14000,2279
ECOC,2025-10-21,14000,14000,14000,14000,1601
ECOC,2025-10-22,14000,14000,14000,14000,503
ECOC,2025-10-23,14000,14175,14000,14175,335
ECOC,2025-10-24,14175,14175,14100,14100,11986
ECOC,2025-10-27,14200,14890,14200,14890,887
ECOC,2025-10-28,14890,14890,14725,14725,201
ECOC,2025-10-29,14750,14800,14750,14800,2202
ECOC,2025-10-30,14765,15150,14765,15150,1337
ECOC,2025-10-31,15015,15110,15015,15110,687
ECOC,2025-11-03,15110,15200,15110,15200,1743
ECOC,2025-11-04,15110,15200,15110,15200,3543
ECOC,2025-11-05,15990,15990,15500,15500,2508
ECOC,2025-11-06,15500,15700,15500,15700,3619
ECOC,2025-11-07,15750,15750,15750,15750,0
ECOC,2025-11-10,15200,15500,15200,15500,1141
ECOC,2025-11-11,15500,15500,15500,15500,1046
ECOC,2025-11-12,15500,15500,15200,15200,2552
ECOC,2025-11-13,15740,15740,15210,15210,3281
ECOC,2025-11-14,15215,15240,15215,15240,1099
ECOC,2025-11-17,15280,15900,15280,15900,326
ECOC,2025-11-18,15500,15900,15500,15900,543
ECOC,2025-11-19,15600,15900,15600,15900,1840
ECOC,2025-11-20,15800,16000,15800,16000,793
ECOC,2025-11-21,16020,16020,15300,15300,1181
ECOC,2025-11-24,15300,15300,15300,15300,2751
ECOC,2025-11-25,15300,15700,15300,15700,7433
ECOC,2025-11-26,15500,15500,15500,15500,1623
ECOC,2025-11-27,16390,16390,15500,15500,1266
NEIC,2025-09-29,655,680,655,680,1162
NEIC,2025-09-30,660,680,660,680,1608
NEIC,2025-10-01,680,680,660,660,693
NEIC,2025-10-02,685,685,685,685,1936
NEIC,2025-10-03,690,690,685,685,207
NEIC,2025-10-06,680,680,660,660,1588
NEIC,2025-10-07,655,655,655,655,1160
NEIC,2025-10-08,655,685,655,685,702
NEIC,2025-10-09,690,690,685,685,763
NEIC,2025-10-10,685,690,685,690,1125
NEIC,2025-10-13,690,690,670,670,6200
NEIC,2025-10-14,670,680,670,680,430
NEIC,2025-10-15,680,690,680,690,3393
NEIC,2025-10-16,700,700,700,700,2584
NEIC,2025-10-17,725,725,700,700,1843
NEIC,2025-10-20,715,715,700,700,1210
NEIC,2025-10-21,700,700,690,690,447
NEIC,2025-10-22,680,690,680,690,293
NEIC,2025-10-23,690,690,685,685,1009
NEIC,2025-10-24,685,685,685,685,756
NEIC,2025-10-27,685,700,685,700,4875
NEIC,2025-10-28,695,720,695,720,14983
NEIC,2025-10-29,725,725,720,720,15504
NEIC,2025-10-30,735,770,735,770,3623
NEIC,2025-10-31,770,825,770,825,20917
NEIC,2025-11-03,885,885,885,885,13787
NEIC,2025-11-04,890,950,890,950,10482
NEIC,2025-11-05,1020,1020,1020,1020,6079
NEIC,2025-11-06,1095,1095,1095,1095,7594
NEIC,2025-11-07,1015,1015,1015,1015,0
NEIC,2025-11-10,940,940,940,940,2007
NEIC,2025-11-11,955,1000,955,1000,5946
NEIC,2025-11-12,1000,1000,995,995,2233
NEIC,2025-11-13,930,985,930,985,2323
NEIC,2025-11-14,985,995,985,995,441
NEIC,2025-11-17,995,995,990,990,2589
NEIC,2025-11-18,985,985,920,920,1510
NEIC,2025-11-19,930,975,930,975,1839
NEIC,2025-11-20,975,975,945,945,467
NEIC,2025-11-21,945,945,945,945,545
NEIC,2025-11-24,945,945,940,940,1408
NEIC,2025-11-25,940,940,940,940,2512
NEIC,2025-11-26,900,900,900,900,1180
NEIC,2025-11-27,900,940,900,940,964
NTLC,2025-09-29,13050,13050,12935,12935,196
NTLC,2025-09-30,13000,13000,12935,12935,890
NTLC,2025-10-01,12935,13000,12935,13000,80
NTLC,2025-10-02,13000,13000,13000,13000,808
NTLC,2025-10-03,13000,13050,13000,13050,530
NTLC,2025-10-06,13055,13100,13055,13100,420
NTLC,2025-10-07,13130,13135,13130,13135,2182
NTLC,2025-10-08,13135,13135,13135,13135,172
NTLC,2025-10-09,13050,13135,13050,13135,1173
NTLC,2025-10-10,13135,13135,13125,13125,513
NTLC,2025-10-13,13005,13125,13005,13125,796
NTLC,2025-10-14,13100,13245,13100,13245,457
NTLC,2025-10-15,13245,13245,13200,13200,530
NTLC,2025-10-16,13280,13280,13180,13180,1080
NTLC,2025-10-17,13200,13400,13200,13400,1403
NTLC,2025-10-20,13400,13400,13400,13400,1132
NTLC,2025-10-21,13400,13400,13100,13100,729
NTLC,2025-10-22,13500,13500,13400,13400,1044
NTLC,2025-10-23,13300,13450,13300,13450,568
NTLC,2025-10-24,13450,13450,13390,13390,251
NTLC,2025-10-27,13400,13400,13395,13395,1749
NTLC,2025-10-28,13395,13450,13395,13450,1355
NTLC,2025-10-29,13500,14455,13500,14455,810
NTLC,2025-10-30,15495,15495,15250,15250,549
NTLC,2025-10-31,14110,14110,14110,14110,448
NTLC,2025-11-03,13060,13060,13055,13055,1197
NTLC,2025-11-04,12500,12500,12080,12080,522
NTLC,2025-11-05,11175,11175,11175,11175,858
NTLC,2025-11-06,10340,10340,10340,10340,1108
NTLC,2025-11-07,10250,10250,10250,10250,0
NTLC,2025-11-10,10250,11000,10250,11000,3373
NTLC,2025-11-11,11000,11000,10950,10950,2095
NTLC,2025-11-12,11000,11100,11000,11100,1096
NTLC,2025-11-13,11100,11500,11100,11500,433
NTLC,2025-11-14,11050,12000,11050,12000,2103
NTLC,2025-11-17,11995,12550,11995,12550,1910
NTLC,2025-11-18,12600,12600,12550,12550,1883
NTLC,2025-11-19,12550,12550,12410,12410,153
NTLC,2025-11-20,12380,12380,11500,11500,1108
NTLC,2025-11-21,11515,11850,11515,11850,324
NTLC,2025-11-24,11850,11850,11530,11530,223
NTLC,2025-11-25,11530,11820,11530,11820,655
NTLC,2025-11-26,11820,11820,11800,11800,15549
NTLC,2025-11-27,11820,11820,11500,11500,524
ORAC,2025-09-29,14745,14745,14600,14600,631
ORAC,2025-09-30,14650,14650,14650,14650,843
ORAC,2025-10-01,14800,14800,14800,14800,468
ORAC,2025-10-02,14800,14800,14800,14800,1174
ORAC,2025-10-03,14800,14800,14305,14305,663
ORAC,2025-10-06,14300,14995,14300,14995,1703
ORAC,2025-10-07,14900,14900,14700,14700,1208
ORAC,2025-10-08,14700,14700,14700,14700,896
ORAC,2025-10-09,14600,14700,14600,14700,7087
ORAC,2025-10-10,14255,14550,14255,14550,404
ORAC,2025-10-13,14700,14700,14510,14510,834
ORAC,2025-10-14,14550,14550,14310,14310,1862
ORAC,2025-10-15,14500,14500,14500,14500,1839
ORAC,2025-10-16,14500,14500,14400,14400,1352
ORAC,2025-10-17,14350,14400,14350,14400,1011
ORAC,2025-10-20,14400,14900,14400,14900,11495
ORAC,2025-10-21,15000,15000,14945,14945,2497
ORAC,2025-10-22,14840,15000,14840,15000,1382
ORAC,2025-10-23,15000,15000,14530,14530,7728
ORAC,2025-10-24,14530,14800,14530,14800,1563
ORAC,2025-10-27,14800,14800,14800,14800,1944
ORAC,2025-10-28,14700,14700,14500,14500,8554
ORAC,2025-10-29,14500,14500,14485,14485,1933
ORAC,2025-10-30,14485,14490,14485,14490,3065
ORAC,2025-10-31,14490,14490,14480,14480,852
ORAC,2025-11-03,14400,14405,14400,14405,886
ORAC,2025-11-04,14400,14400,14400,14400,3227
ORAC,2025-11-05,14400,14400,14200,14200,2778
ORAC,2025-11-06,14200,14605,14200,14605,2229
ORAC,2025-11-07,14155,14155,14155,14155,0
ORAC,2025-11-10,14200,14205,14200,14205,27465
ORAC,2025-11-11,14210,14600,14210,14600,10235
ORAC,2025-11-12,14600,14600,14550,14550,503
ORAC,2025-11-13,14500,14500,14280,14280,995
ORAC,2025-11-14,14280,14300,14280,14300,838
ORAC,2025-11-17,14300,14450,14300,14450,540
ORAC,2025-11-18,14300,14450,14300,14450,3652
ORAC,2025-11-19,14450,14500,14450,14500,20702
ORAC,2025-11-20,14450,14700,14450,14700,1639
ORAC,2025-11-21,14700,15000,14700,15000,2309
ORAC,2025-11-24,14990,14990,14550,14550,1157
ORAC,2025-11-25,14650,14650,14650,14650,218
ORAC,2025-11-26,14525,15280,14525,15280,5295
ORAC,2025-11-27,15280,15280,15275,15275,539
PALC,2025-09-29,9250,9250,9200,9200,1061
PALC,2025-09-30,9155,9155,9150,9150,4651
PALC,2025-10-01,9105,9145,9105,9145,959
PALC,2025-10-02,9145,9200,9145,9200,2383
PALC,2025-10-03,9195,9200,9195,9200,24719
PALC,2025-10-06,9250,9500,9250,9500,5897
PALC,2025-10-07,9600,9650,9600,9650,2629
PALC,2025-10-08,9675,9675,9645,9645,2674
PALC,2025-10-09,9655,9655,9655,9655,2312
PALC,2025-10-10,9655,9655,9515,9515,2890
PALC,2025-10-13,9645,9645,9400,9400,4059
PALC,2025-10-14,9400,9585,9400,9585,3105
PALC,2025-10-15,9695,9695,9690,9690,5829
PALC,2025-10-16,9715,9715,9700,9700,4838
PALC,2025-10-17,9890,9890,9300,9300,36238
PALC,2025-10-20,9300,9300,9115,9115,9016
PALC,2025-10-21,9000,9000,8900,8900,7026
PALC,2025-10-22,9000,9000,8895,8895,6344
PALC,2025-10-23,8895,8895,8805,8805,11000
PALC,2025-10-24,8800,8900,8800,8900,4715
PALC,2025-10-27,8900,9000,8900,9000,10841
PALC,2025-10-28,9000,9080,9000,9080,12833
PALC,2025-10-29,9565,9565,9260,9260,25658
PALC,2025-10-30,9100,9100,8570,8570,27719
PALC,2025-10-31,7930,8350,7930,8350,9605
PALC,2025-11-03,7750,7750,7725,7725,1986
PALC,2025-11-04,7150,7150,7150,7150,4838
PALC,2025-11-05,6620,6990,6620,6990,9967
PALC,2025-11-06,7000,7500,7000,7500,10540
PALC,2025-11-07,8060,8060,8060,8060,0
PALC,2025-11-10,8200,8450,8200,8450,4299
PALC,2025-11-11,8450,8450,8350,8350,4067
PALC,2025-11-12,8350,8350,8200,8200,4951
PALC,2025-11-13,8200,8200,8150,8150,12856
PALC,2025-11-14,7865,7950,7865,7950,2241
PALC,2025-11-17,7950,8150,7950,8150,8871
PALC,2025-11-18,8000,8090,8000,8090,4767
PALC,2025-11-19,8100,8100,8090,8090,1415
PALC,2025-11-20,8090,8090,8005,8005,1537
PALC,2025-11-21,8100,8100,8095,8095,2941
PALC,2025-11-24,8095,8100,8095,8100,4238
PALC,2025-11-25,8100,8190,8100,8190,5305
PALC,2025-11-26,8180,8180,8120,8120,1758
PALC,2025-11-27,8120,8120,7995,7995,2144
SGBC,2025-09-29,27500,27500,27000,27000,1571
SGBC,2025-09-30,27495,27495,27000,27000,734
SGBC,2025-10-01,27000,27000,27000,27000,338
SGBC,2025-10-02,27000,27000,26500,26500,4729
SGBC,2025-10-03,27600,27600,27000,27000,1611
SGBC,2025-10-06,27600,27600,26500,26500,246
SGBC,2025-10-07,26500,26500,26300,26300,4135
SGBC,2025-10-08,26205,26800,26205,26800,229
SGBC,2025-10-09,27000,27000,27000,27000,788
SGBC,2025-10-10,27000,27500,27000,27500,301
SGBC,2025-10-13,27500,27995,27500,27995,573
SGBC,2025-10-14,27995,27995,26900,26900,805
SGBC,2025-10-15,27950,27950,27500,27500,2249
SGBC,2025-10-16,27500,27500,27000,27000,720
SGBC,2025-10-17,27000,27005,27000,27005,1215
SGBC,2025-10-20,28000,28000,27200,27200,1514
SGBC,2025-10-21,28000,28000,27205,27205,204
SGBC,2025-10-22,27500,27700,27500,27700,1937
SGBC,2025-10-23,27700,27700,27500,27500,545
SGBC,2025-10-24,28000,28000,27350,27350,3875
SGBC,2025-10-27,27700,27700,27700,27700,1604
SGBC,2025-10-28,27700,27700,27600,27600,835
SGBC,2025-10-29,27700,27750,27700,27750,963
SGBC,2025-10-30,27800,27800,27800,27800,1686
SGBC,2025-10-31,27800,27800,27700,27700,561
SGBC,2025-11-03,27500,27500,27500,27500,446
SGBC,2025-11-04,27250,27250,27200,27200,1272
SGBC,2025-11-05,27050,27050,26950,26950,945
SGBC,2025-11-06,27000,27000,26955,26955,667
SGBC,2025-11-07,26995,26995,26995,26995,0
SGBC,2025-11-10,26900,26905,26900,26905,9196
SGBC,2025-11-11,26855,26900,26855,26900,1508
SGBC,2025-11-12,26900,27300,26900,27300,20944
SGBC,2025-11-13,28200,28200,27000,27000,731
SGBC,2025-11-14,26805,27000,26805,27000,1370
SGBC,2025-11-17,27000,27300,27000,27300,622
SGBC,2025-11-18,27300,27300,27200,27200,2952
SGBC,2025-11-19,27325,27325,26500,26500,20012
SGBC,2025-11-20,26900,26900,26500,26500,6468
SGBC,2025-11-21,27100,27100,26500,26500,7096
SGBC,2025-11-24,27095,27650,27095,27650,664
SGBC,2025-11-25,27645,27645,26500,26500,5289
SGBC,2025-11-26,26500,26500,26210,26210,22702
SGBC,2025-11-27,26250,26350,26250,26350,1993
SNTS,2025-09-29,25850,25850,25605,25605,2644
SNTS,2025-09-30,25700,25700,25605,25605,2007
SNTS,2025-10-01,25795,25795,25700,25700,1336
SNTS,2025-10-02,25700,25895,25700,25895,3480
SNTS,2025-10-03,25890,25895,25890,25895,1664
SNTS,2025-10-06,25895,26000,25895,26000,11435
SNTS,2025-10-07,25900,26000,25900,26000,7572
SNTS,2025-10-08,26000,26100,26000,26100,50564
SNTS,2025-10-09,26100,26100,26000,26000,8529
SNTS,2025-10-10,25995,26000,25995,26000,2900
SNTS,2025-10-13,26000,26000,25950,25950,14821
SNTS,2025-10-14,26000,26000,25950,25950,3978
SNTS,2025-10-15,25990,26500,25990,26500,23708
SNTS,2025-10-16,26300,26300,26000,26000,8209
SNTS,2025-10-17,26200,26200,26000,26000,3184
SNTS,2025-10-20,26300,26350,26300,26350,5742
SNTS,2025-10-21,26150,26200,26150,26200,21759
SNTS,2025-10-22,26300,26490,26300,26490,7950
SNTS,2025-10-23,26500,26695,26500,26695,8588
SNTS,2025-10-24,26695,26700,26695,26700,5885
SNTS,2025-10-27,26600,26600,26500,26500,4052
SNTS,2025-10-28,26500,26500,26500,26500,7909
SNTS,2025-10-29,26500,26500,26350,26350,10883
SNTS,2025-10-30,26350,26350,26200,26200,2502
SNTS,2025-10-31,26200,26200,26105,26105,2923
SNTS,2025-11-03,26105,26105,26100,26100,33115
SNTS,2025-11-04,26095,26100,26095,26100,43257
SNTS,2025-11-05,26100,26100,26000,26000,2579
SNTS,2025-11-06,26000,26000,25990,25990,2598
SNTS,2025-11-07,26000,26000,26000,26000,0
SNTS,2025-11-10,25990,25990,25900,25900,7040
SNTS,2025-11-11,25900,25900,25600,25600,54748
SNTS,2025-11-12,25900,25900,25455,25455,10311
SNTS,2025-11-13,25500,26000,25500,26000,2779
SNTS,2025-11-14,25600,25600,25500,25500,21842
SNTS,2025-11-17,25000,25500,25000,25500,3322
SNTS,2025-11-18,25100,25100,25000,25000,10562
SNTS,2025-11-19,25500,25500,25400,25400,29111
SNTS,2025-11-20,25500,25500,25500,25500,2061
SNTS,2025-11-21,25500,25500,25100,25100,2246
SNTS,2025-11-24,25000,25150,25000,25150,13475
SNTS,2025-11-25,25300,25400,25300,25400,11633
SNTS,2025-11-26,25500,25600,25500,25600,21639
SNTS,2025-11-27,25450,25450,25405,25405,647
SOGC,2025-09-29,8700,8700,8590,8590,8889
SOGC,2025-09-30,8590,8590,8505,8505,10972
SOGC,2025-10-01,8500,8500,8495,8495,1360
SOGC,2025-10-02,8520,8520,8500,8500,1106
SOGC,2025-10-03,8500,8500,8400,8400,2411
SOGC,2025-10-06,8995,8995,8980,8980,17957
SOGC,2025-10-07,9000,9000,8900,8900,6918
SOGC,2025-10-08,9000,9000,8855,8855,2177
SOGC,2025-10-09,8890,8890,8850,8850,2013
SOGC,2025-10-10,8850,8850,8850,8850,1779
SOGC,2025-10-13,8850,8850,8710,8710,2110
SOGC,2025-10-14,8785,8860,8785,8860,4401
SOGC,2025-10-15,8885,8885,8710,8710,6999
SOGC,2025-10-16,8720,8890,8720,8890,430
SOGC,2025-10-17,8720,8750,8720,8750,3613
SOGC,2025-10-20,8795,8795,8705,8705,1479
SOGC,2025-10-21,8705,8705,8695,8695,5815
SOGC,2025-10-22,8695,8695,8500,8500,2481
SOGC,2025-10-23,8500,8690,8500,8690,2881
SOGC,2025-10-24,8700,8700,8695,8695,4020
SOGC,2025-10-27,8695,8700,8695,8700,2618
SOGC,2025-10-28,8680,8680,8670,8670,3427
SOGC,2025-10-29,8670,8670,8225,8225,9979
SOGC,2025-10-30,8385,8385,7910,7910,11601
SOGC,2025-10-31,7320,7840,7320,7840,25599
SOGC,2025-11-03,7840,7840,7505,7505,10067
SOGC,2025-11-04,7500,7500,7400,7400,17776
SOGC,2025-11-05,7400,7400,7350,7350,15717
SOGC,2025-11-06,7400,7500,7400,7500,4741
SOGC,2025-11-07,7890,7890,7890,7890,0
SOGC,2025-11-10,8000,8000,8000,8000,2187
SOGC,2025-11-11,7990,7990,7975,7975,1042
SOGC,2025-11-12,7970,7970,7820,7820,2013
SOGC,2025-11-13,7950,7950,7860,7860,15043
SOGC,2025-11-14,7860,7860,7860,7860,758
SOGC,2025-11-17,7860,7860,7750,7750,618
SOGC,2025-11-18,7750,7800,7750,7800,303
SOGC,2025-11-19,7805,7850,7805,7850,541
SOGC,2025-11-20,7850,8000,7850,8000,5287
SOGC,2025-11-21,8000,8000,7990,7990,1498
SOGC,2025-11-24,7990,7990,7950,7950,765
SOGC,2025-11-25,7950,7970,7950,7970,1125
SOGC,2025-11-26,7970,7970,7900,7900,3366
SOGC,2025-11-27,7975,7975,7900,7900,1272
SPHC,2025-09-29,8000,8000,7905,7905,1624
SPHC,2025-09-30,7995,7995,7410,7410,2897
SPHC,2025-10-01,7890,7890,7850,7850,1510
SPHC,2025-10-02,7855,7995,7855,7995,6097
SPHC,2025-10-03,7895,7990,7895,7990,2138
SPHC,2025-10-06,8585,8585,8585,8585,27892
SPHC,2025-10-07,7945,8000,7945,8000,23728
SPHC,2025-10-08,8000,8000,8000,8000,15642
SPHC,2025-10-09,7995,7995,7985,7985,4970
SPHC,2025-10-10,7500,7880,7500,7880,8368
SPHC,2025-10-13,7880,7880,7800,7800,6229
SPHC,2025-10-14,7750,7975,7750,7975,13600
SPHC,2025-10-15,7970,7985,7970,7985,10666
SPHC,2025-10-16,7995,8100,7995,8100,10704
SPHC,2025-10-17,8100,8150,8100,8150,2145
SPHC,2025-10-20,8145,8145,7990,7990,3681
SPHC,2025-10-21,8150,8150,8000,8000,2401
SPHC,2025-10-22,8090,8090,8000,8000,4552
SPHC,2025-10-23,8000,8250,8000,8250,5886
SPHC,2025-10-24,8200,8200,8195,8195,2149
SPHC,2025-10-27,8190,8190,8145,8145,2241
SPHC,2025-10-28,8100,8100,8060,8060,1437
SPHC,2025-10-29,8100,8100,8060,8060,13680
SPHC,2025-10-30,7985,7985,7695,7695,3498
SPHC,2025-10-31,7125,7890,7125,7890,35414
SPHC,2025-11-03,7890,7890,7795,7795,2424
SPHC,2025-11-04,7800,7800,7485,7485,9208
SPHC,2025-11-05,7300,7450,7300,7450,6766
SPHC,2025-11-06,7450,7450,7350,7350,1988
SPHC,2025-11-07,7490,7490,7490,7490,0
SPHC,2025-11-10,7490,7490,7490,7490,3549
SPHC,2025-11-11,7490,7490,7485,7485,924
SPHC,2025-11-12,7480,7480,7480,7480,3040
SPHC,2025-11-13,7480,7480,7480,7480,1462
SPHC,2025-11-14,7460,7480,7460,7480,817
SPHC,2025-11-17,7485,7485,7450,7450,1385
SPHC,2025-11-18,7450,7450,7320,7320,1309
SPHC,2025-11-19,7320,7395,7320,7395,2005
SPHC,2025-11-20,7390,7460,7390,7460,3487
SPHC,2025-11-21,7460,7460,7345,7345,2360
SPHC,2025-11-24,7400,7690,7400,7690,7639
SPHC,2025-11-25,7690,7690,7690,7690,3547
SPHC,2025-11-26,7690,7790,7690,7790,3004
SPHC,2025-11-27,7790,7790,7790,7790,504
TTLC,2025-09-29,2450,2450,2450,2450,2897
TTLC,2025-09-30,2450,2450,2400,2400,2829
TTLC,2025-10-01,2445,2445,2400,2400,2842
TTLC,2025-10-02,2400,2425,2400,2425,1134
TTLC,2025-10-03,2390,2445,2390,2445,6717
TTLC,2025-10-06,2445,2500,2445,2500,21653
TTLC,2025-10-07,2500,2500,2450,2450,14054
TTLC,2025-10-08,2500,2500,2480,2480,1333
TTLC,2025-10-09,2480,2490,2480,2490,4326
TTLC,2025-10-10,2490,2490,2490,2490,2000
TTLC,2025-10-13,2485,2500,2485,2500,4403
TTLC,2025-10-14,2500,2500,2325,2325,119261
TTLC,2025-10-15,2395,2445,2395,2445,52095
TTLC,2025-10-16,2445,2450,2445,2450,26355
TTLC,2025-10-17,2270,2270,2270,2270,17624
TTLC,2025-10-20,2100,2300,2100,2300,15882
TTLC,2025-10-21,2300,2400,2300,2400,11077
TTLC,2025-10-22,2400,2400,2350,2350,5129
TTLC,2025-10-23,2400,2400,2345,2345,8715
TTLC,2025-10-24,2350,2390,2350,2390,2846
TTLC,2025-10-27,2390,2390,2390,2390,5468
TTLC,2025-10-28,2390,2390,2350,2350,11083
TTLC,2025-10-29,2350,2355,2350,2355,8067
TTLC,2025-10-30,2350,2350,2350,2350,7440
TTLC,2025-10-31,2350,2380,2350,2380,8270
TTLC,2025-11-03,2380,2380,2325,2325,4924
TTLC,2025-11-04,2320,2325,2320,2325,11627
TTLC,2025-11-05,2320,2325,2320,2325,4344
TTLC,2025-11-06,2320,2335,2320,2335,6366
TTLC,2025-11-07,2335,2335,2335,2335,0
TTLC,2025-11-10,2335,2335,2335,2335,2947
TTLC,2025-11-11,2315,2325,2315,2325,11542
TTLC,2025-11-12,2250,2300,2250,2300,7828
TTLC,2025-11-13,2350,2350,2345,2345,2293
TTLC,2025-11-14,2350,2360,2350,2360,1191
TTLC,2025-11-17,2360,2380,2360,2380,2759
TTLC,2025-11-18,2380,2380,2350,2350,374
TTLC,2025-11-19,2350,2370,2350,2370,2526
TTLC,2025-11-20,2370,2370,2365,2365,4740
TTLC,2025-11-21,2355,2360,2355,2360,2603
TTLC,2025-11-24,2250,2350,2250,2350,9356
TTLC,2025-11-25,2400,2400,2325,2325,1999
TTLC,2025-11-26,2325,2325,2300,2300,2125
TTLC,2025-11-27,2325,2325,2325,2325,1043
